,address
0,"Alewife Brook Pkwy and Cambridge Park Dr, Cambridge, MA 02140"
1,"Dorchester Ave and Southhampton St, South Boston, MA 02127"
2,"Dorchester Ave and Ashmont St, Boston, MA 02124"
3,"197 Ivory St, Braintree, MA 02184"
4,"Dorchester Ave and Broadway, Boston, MA"
5,"Massachusetts Ave and Prospect St, Cambridge, MA 02139"
6,"Cambridge St and Charles St, Boston, MA"
7,"College Ave and Elm St, Somerville, MA"
8,"Washington St and Summer St, Boston, MA"
9,"50 Freeman St, Dorchester, MA 02122"
10,"1400 Massachusetts Ave, Cambridge, MA"
11,"599 Old Colony Ave, Boston, MA 02127-3805"
12,"300 Main St, Cambridge, MA 02142"
13,"Hancock St and Hunt St, Quincy, MA 02171"
14,"Tremont St and Winter St, Boston, MA 02108"
15,"1899 Massachusetts Ave, Cambridge, MA 02140"
16,"Burgin Pkwy and Centre St, Quincy, MA 02169"
17,"175 Thomas E Burgin Pkwy, Quincy, MA 02169"
18,"125 Savin Hill Ave, Dorchester, MA 02124"
19,"Dayton St and Clementine Park, Dorchester, MA 02124"
20,"700 Atlantic Ave, Boston, MA 02110"
21,"90 Woodbine St, Quincy, MA 02171"
22,"Dorchester Ave and Ashmont St, Boston, MA 02124"
23,"Butler St and Branchfield St, Dorchester, MA 02124"
24,"50 Capen St, Milton, MA 02186"
25,"Fellsway St and Milton St, Dorchester, MA 02124"
26,"23 Central Ave, Milton, MA 02186"
27,"500 River St, Boston, MA 02126"
28,"1 Adams St, Milton, MA 02186"
29,"291 Valley Rd, Milton, MA 02186"
30,"499 Foley St, Somerville, MA 02145"
31,"145 Dartmouth St Boston, MA 02116"
32,"Washington St and Boylston St, Boston, MA"
33,"Austin St and Rutherford Ave, Charlestown, MA"
34,"Washington St and Summer St, Boston, MA"
35,"Washington St and Hyde Park Ave, Jamaica Plain, MA 02130"
36,"150 Green St, Jamaica Plain, MA"
37,"136 Blackstone St, Boston, MA 02109"
38,"1500 Columbus Ave, Jamaica Plain, MA"
39,"Commercial St and Pleasant St, Malden, MA 02148"
40,"393 Massachusetts Ave, Boston, MA 02118"
41,"135 Causeway St, Boston, MA 02114"
42,"Washington St and Winter St, Malden, MA 02148"
43,"1400 Tremont St, Roxbury, MA"
44,"1150 Tremont St, Roxbury, MA 02120"
45,"200 Washington St, Boston, MA"
46,"100 Boylston St, Jamaica Plain, MA"
47,"Maffa Way and Cambridge St, Charlestown, MA 02129"
48,"750 Washington St, Boston, MA"
49,"Revere Beach Pkwy and Rivers Edge Dr, Medford, MA 02155"
50,"Allston St and Commonwealth Ave, Boston, MA 02134"
51,"Commonwealth Ave and Amory St, Boston, MA 02215"
52,"Arlington St and Boylston St, Boston, MA 02116"
53,"Commonwealth Ave and Babcock St, Boston, MA 02215"
54,"100 South Huntington Ave, Boston, MA 02130"
55,"646 Boston Ave, Somerville, MA 02144"
56,"124 Beaconsfield Rd, Brookline, MA 02445"
57,"Commonwealth Ave and Blandford Mall, Boston, MA 02215"
58,"Commonwealth Ave and Lake St, Boston, MA 02135"
59,"Commonwealth Ave and Marsh Chapel, Boston, MA 02215"
60,"Commonwealth Ave and Granby St, Boston, MA 02215"
61,"Boylston St and Tremont St, Boston, MA"
62,"1481 Beacon St, Brookline, MA"
63,"Huntington Ave and Francis St, Boston, MA"
64,"Tappan St and Cypress St, Brookline, MA 02445"
65,"31 Station St, Brookline, MA 02445"
66,"Hammond St and Chestnut Hill Rd, Newton, MA 02467"
67,"Commonwealth Ave and Chestnut Hill Ave, Boston, MA"
68,"Commonwealth Ave and Chiswick Rd, Boston, MA"
69,"Beacon St and Chestnut Hill Ave, Brighton, MA"
70,"Beacon St and Harvard St, Brookline, MA"
71,"Boylston St and Dartmouth St, Boston, MA"
72,"Beacon St and Dean Rd, Brookline, MA"
73,"134 Washington St, Somerville, MA 02143"
74,"248 Lincoln St, Newton, MA 02461"
75,"Beacon St and Englewood Ave, Brookline, MA"
76,"Beacon St and Fairbanks Ave, Brookline, MA"
77,"411 Park Dr, Boston, MA 02215"
78,"Huntington Ave and Fenwood Rd, Boston, MA"
79,"161 School St, Somerville, MA 02143"
80,"Cambridge St and Court St, Boston, MA"
81,"Commonwealth Ave and Griggs St, Boston, MA"
82,"Commonwealth Ave and Harvard Ave, Boston, MA"
83,"Beacon St and Hawes St, Brookline, MA"
84,"136 Blackstone St, Boston, MA 02109"
85,"Heath St and South Huntington Ave, Boston, MA"
86,"100 Massachusetts Ave, Boston, MA"
87,"Commonwealth Ave and Kenmore St, Boston, MA 02215"
88,"Beacon St and Powell St, Brookline, MA"
89,"3 North First St, Cambridge, MA 02141"
90,"30 Chapel St, Brookline, MA 02446"
91,"Huntington Ave and Longwood Ave, Boston, MA 02115"
92,"270 Lowell St, Somerville, MA 02145"
93,"460 Boston Ave, Medford, MA 02155"
94,"Huntington Ave and Mission Park Dr, Boston, MA 02115"
95,"Huntington Ave and Ruggles St, Boston, MA"
96,"72 Union St, Newton, MA 02459"
97,"60 Station Ave, Newton, MA 02461"
98,"135 Causeway St, Boston, MA 02114"
99,"Huntington Ave and Opera Pl, Boston, MA 02115"
100,"Commonwealth Ave and Brighton Ave, Boston, MA 02215"
101,"Tremont St and Winter St, Boston, MA 02108"
102,"Huntington Ave and Belvidere St, Boston, MA 02199"
103,"401 Chestnut Hill Ave, Brookline, MA 02445"
104,"367 Grove St, Newton, MA 02466"
105,"South Huntington Ave and Huntington Ave, Boston, MA"
106,"Beacon St and Saint Mary's St, Boston, MA"
107,"Beacon St and Saint Paul St, Brookline, MA 02446"
108,"Leverett Circle and Nashua St, Boston, MA 02114"
109,Boston
110,"Beacon St and Summit Ave, Brookline, MA"
111,"Commonwealth Ave and Sutherland Rd, Boston, MA"
112,"Massachusetts Ave and Huntington Ave, Boston, MA"
113,"Beacon St and Tappan St, Brookline, MA"
114,"50 Prospect St, Somerville, MA 02143"
115,"Beacon St and Waban Sq, Newton, MA 02468"
116,"Commonwealth Ave and Warren St, Boston, MA"
117,"Beacon St and Washington St, Brookline, MA"
118,"Commonwealth Ave and Washington St, Boston, MA"
119,"1940 Washington St, Newton, MA 02466"
120,"Transportation Way and Service Rd, Boston, MA 02128"
121,"Atlantic Ave and State St, Boston, MA 02120"
122,"630 Winthrop Ave, Revere, MA 02151"
123,"Cambridge St and New Chardon St, Boston, MA 02114"
124,"Cambridge St and Court St, Boston, MA"
125,"Sumner St and Maverick Sq, East Boston, MA"
126,"1000 Bennington St, East Boston, MA 02128"
127,"220 Shirley Ave, Revere, MA"
128,"200 Washington St, Boston, MA"
129,"1230 Bennington St, East Boston, MA 02128"
130,"1300 North Shore Rd, Revere, MA 02151"
131,"450 Bennington St, East Boston, MA"
